{"@SRR12464727.35402048": {"meanQ": 34.9054054054054, "medianQ": 37.0, "length": 148}, "@SRR12464727.35402049": {"meanQ": 36.92, "medianQ": 37.0, "length": 150}, "@SRR12464727.35402050": {"meanQ": 36.84, "medianQ": 37.0, "length": 150}, "@SRR12464727.35402051": {"meanQ": 35.93150684931507, "medianQ": 37.0, "length": 146}, "@SRR12464727.35402052": {"meanQ": 36.24657534246575, "medianQ": 37.0, "length": 146}, "@SRR12464727.35402053": {"meanQ": 36.84, "medianQ": 37.0, "length": 150}, "@SRR12464727.35402054": {"meanQ": 36.513513513513516, "medianQ": 37.0, "length": 148}, "@SRR12464727.35402055": {"meanQ": 36.919463087248324, "medianQ": 37, "length": 149}, "@SRR12464727.35402056": {"meanQ": 36.92, "medianQ": 37.0, "length": 150}, "@SRR12464727.35402057": {"meanQ": 36.41891891891892, "medianQ": 37.0, "length": 148}}