{"@SRR12464727.1": {"meanQ": 36.42953020134228, "medianQ": 37, "length": 149}, "@SRR12464727.2": {"meanQ": 35.945578231292515, "medianQ": 37, "length": 147}, "@SRR12464727.3": {"meanQ": 36.19047619047619, "medianQ": 37, "length": 147}, "@SRR12464727.4": {"meanQ": 34.175182481751825, "medianQ": 37, "length": 137}, "@SRR12464727.5": {"meanQ": 36.26845637583892, "medianQ": 37, "length": 149}, "@SRR12464727.6": {"meanQ": 35.90344827586207, "medianQ": 37, "length": 145}, "@SRR12464727.7": {"meanQ": 35.361702127659576, "medianQ": 37, "length": 141}, "@SRR12464727.8": {"meanQ": 34.82142857142857, "medianQ": 37.0, "length": 140}, "@SRR12464727.9": {"meanQ": 34.992, "medianQ": 37, "length": 125}, "@SRR12464727.10": {"meanQ": 35.94, "medianQ": 37.0, "length": 150}, "@SRR12464727.11": {"meanQ": 35.777027027027025, "medianQ": 37.0, "length": 148}, "@SRR12464727.12": {"meanQ": 35.2992700729927, "medianQ": 37, "length": 137}, "@SRR12464727.13": {"meanQ": 35.7112676056338, "medianQ": 37.0, "length": 142}, "@SRR12464727.14": {"meanQ": 35.321917808219176, "medianQ": 37.0, "length": 146}, "@SRR12464727.15": {"meanQ": 36.526666666666664, "medianQ": 37.0, "length": 150}, "@SRR12464727.16": {"meanQ": 36.277027027027025, "medianQ": 37.0, "length": 148}, "@SRR12464727.17": {"meanQ": 34.528985507246375, "medianQ": 37.0, "length": 138}, "@SRR12464727.18": {"meanQ": 34.283185840707965, "medianQ": 37, "length": 113}, "@SRR12464727.19": {"meanQ": 36.604026845637584, "medianQ": 37, "length": 149}, "@SRR12464727.20": {"meanQ": 35.845588235294116, "medianQ": 37.0, "length": 136}, "@SRR12464727.21": {"meanQ": 35.85616438356164, "medianQ": 37.0, "length": 146}, "@SRR12464727.22": {"meanQ": 36.36241610738255, "medianQ": 37, "length": 149}, "@SRR12464727.23": {"meanQ": 36.08108108108108, "medianQ": 37.0, "length": 148}, "@SRR12464727.24": {"meanQ": 35.68493150684932, "medianQ": 37.0, "length": 146}, "@SRR12464727.25": {"meanQ": 36.178082191780824, "medianQ": 37.0, "length": 146}, "@SRR12464727.26": {"meanQ": 35.08163265306123, "medianQ": 37, "length": 147}, "@SRR12464727.27": {"meanQ": 36.5945945945946, "medianQ": 37.0, "length": 148}, "@SRR12464727.28": {"meanQ": 36.84, "medianQ": 37.0, "length": 150}, "@SRR12464727.29": {"meanQ": 37, "medianQ": 37.0, "length": 150}, "@SRR12464727.30": {"meanQ": 35.81944444444444, "medianQ": 37.0, "length": 144}, "@SRR12464727.31": {"meanQ": 33.0979020979021, "medianQ": 37, "length": 143}, "@SRR12464727.32": {"meanQ": 36.44, "medianQ": 37.0, "length": 150}, "@SRR12464727.33": {"meanQ": 36.5, "medianQ": 37.0, "length": 148}, "@SRR12464727.34": {"meanQ": 35.638888888888886, "medianQ": 37.0, "length": 144}, "@SRR12464727.35": {"meanQ": 35.939597315436245, "medianQ": 37, "length": 149}, "@SRR12464727.36": {"meanQ": 36.92, "medianQ": 37.0, "length": 150}, "@SRR12464727.37": {"meanQ": 36.3469387755102, "medianQ": 37, "length": 147}, "@SRR12464727.38": {"meanQ": 36.189189189189186, "medianQ": 37.0, "length": 148}, "@SRR12464727.39": {"meanQ": 33.9264705882353, "medianQ": 37.0, "length": 136}, "@SRR12464727.40": {"meanQ": 36.6, "medianQ": 37.0, "length": 150}, "@SRR12464727.41": {"meanQ": 36.83892617449664, "medianQ": 37, "length": 149}, "@SRR12464727.42": {"meanQ": 36.51677852348993, "medianQ": 37, "length": 149}, "@SRR12464727.43": {"meanQ": 36.84, "medianQ": 37.0, "length": 150}, "@SRR12464727.44": {"meanQ": 36.033557046979865, "medianQ": 37, "length": 149}, "@SRR12464727.45": {"meanQ": 36.6, "medianQ": 37.0, "length": 150}, "@SRR12464727.46": {"meanQ": 36.76, "medianQ": 37.0, "length": 150}, "@SRR12464727.47": {"meanQ": 35.875, "medianQ": 37.0, "length": 128}, "@SRR12464727.48": {"meanQ": 36.76, "medianQ": 37.0, "length": 150}, "@SRR12464727.49": {"meanQ": 36.51020408163265, "medianQ": 37, "length": 147}, "@SRR12464727.50": {"meanQ": 36.67123287671233, "medianQ": 37.0, "length": 146}, "@SRR12464727.51": {"meanQ": 36.92, "medianQ": 37.0, "length": 150}, "@SRR12464727.52": {"meanQ": 36.919463087248324, "medianQ": 37, "length": 149}, "@SRR12464727.53": {"meanQ": 33.91970802919708, "medianQ": 37, "length": 137}, "@SRR12464727.54": {"meanQ": 36.265306122448976, "medianQ": 37, "length": 147}, "@SRR12464727.55": {"meanQ": 36.36, "medianQ": 37.0, "length": 150}, "@SRR12464727.56": {"meanQ": 36.68, "medianQ": 37.0, "length": 150}, "@SRR12464727.57": {"meanQ": 36.84, "medianQ": 37.0, "length": 150}, "@SRR12464727.58": {"meanQ": 35.932432432432435, "medianQ": 37.0, "length": 148}, "@SRR12464727.59": {"meanQ": 35.78378378378378, "medianQ": 37.0, "length": 148}, "@SRR12464727.60": {"meanQ": 34.45323741007194, "medianQ": 37, "length": 139}, "@SRR12464727.61": {"meanQ": 37, "medianQ": 37.0, "length": 150}, "@SRR12464727.62": {"meanQ": 34.328859060402685, "medianQ": 37, "length": 149}, "@SRR12464727.63": {"meanQ": 25.892857142857142, "medianQ": 25.0, "length": 112}, "@SRR12464727.64": {"meanQ": 36.027027027027025, "medianQ": 37.0, "length": 148}, "@SRR12464727.65": {"meanQ": 34.72027972027972, "medianQ": 37, "length": 143}, "@SRR12464727.66": {"meanQ": 36.84, "medianQ": 37.0, "length": 150}, "@SRR12464727.67": {"meanQ": 35.24657534246575, "medianQ": 37.0, "length": 146}, "@SRR12464727.68": {"meanQ": 35.214285714285715, "medianQ": 37.0, "length": 140}, "@SRR12464727.69": {"meanQ": 36.84, "medianQ": 37.0, "length": 150}, "@SRR12464727.70": {"meanQ": 36.58389261744966, "medianQ": 37, "length": 149}, "@SRR12464727.71": {"meanQ": 36.67785234899329, "medianQ": 37, "length": 149}, "@SRR12464727.72": {"meanQ": 36.91836734693877, "medianQ": 37, "length": 147}, "@SRR12464727.73": {"meanQ": 36.416666666666664, "medianQ": 37.0, "length": 144}, "@SRR12464727.74": {"meanQ": 31.728682170542637, "medianQ": 37, "length": 129}, "@SRR12464727.75": {"meanQ": 36.6, "medianQ": 37.0, "length": 150}, "@SRR12464727.76": {"meanQ": 36.92, "medianQ": 37.0, "length": 150}, "@SRR12464727.77": {"meanQ": 32.18248175182482, "medianQ": 37, "length": 137}, "@SRR12464727.78": {"meanQ": 32.58571428571429, "medianQ": 37.0, "length": 140}, "@SRR12464727.79": {"meanQ": 36.59183673469388, "medianQ": 37, "length": 147}, "@SRR12464727.80": {"meanQ": 36.67567567567568, "medianQ": 37.0, "length": 148}, "@SRR12464727.81": {"meanQ": 37, "medianQ": 37, "length": 149}, "@SRR12464727.82": {"meanQ": 34.45945945945946, "medianQ": 37.0, "length": 148}, "@SRR12464727.83": {"meanQ": 35.675862068965515, "medianQ": 37, "length": 145}, "@SRR12464727.84": {"meanQ": 36.18120805369127, "medianQ": 37, "length": 149}, "@SRR12464727.85": {"meanQ": 36.136986301369866, "medianQ": 37.0, "length": 146}, "@SRR12464727.86": {"meanQ": 33.75912408759124, "medianQ": 37, "length": 137}, "@SRR12464727.87": {"meanQ": 37, "medianQ": 37.0, "length": 148}, "@SRR12464727.88": {"meanQ": 36.92, "medianQ": 37.0, "length": 150}, "@SRR12464727.89": {"meanQ": 35.170212765957444, "medianQ": 37, "length": 141}, "@SRR12464727.90": {"meanQ": 36.83892617449664, "medianQ": 37, "length": 149}, "@SRR12464727.91": {"meanQ": 32.52755905511811, "medianQ": 37, "length": 127}, "@SRR12464727.92": {"meanQ": 35.25850340136054, "medianQ": 37, "length": 147}, "@SRR12464727.93": {"meanQ": 36.75675675675676, "medianQ": 37.0, "length": 148}, "@SRR12464727.94": {"meanQ": 37, "medianQ": 37.0, "length": 150}, "@SRR12464727.95": {"meanQ": 35.81118881118881, "medianQ": 37, "length": 143}, "@SRR12464727.96": {"meanQ": 36.758389261744966, "medianQ": 37, "length": 149}, "@SRR12464727.97": {"meanQ": 27.895833333333332, "medianQ": 37.0, "length": 96}, "@SRR12464727.98": {"meanQ": 36.758389261744966, "medianQ": 37, "length": 149}, "@SRR12464727.99": {"meanQ": 32.57037037037037, "medianQ": 37, "length": 135}, "@SRR12464727.100": {"meanQ": 36.50335570469799, "medianQ": 37, "length": 149}, "@SRR12464727.101": {"meanQ": 36.08843537414966, "medianQ": 37, "length": 147}, "@SRR12464727.102": {"meanQ": 34.056338028169016, "medianQ": 37.0, "length": 142}, "@SRR12464727.103": {"meanQ": 36.83783783783784, "medianQ": 37.0, "length": 148}, "@SRR12464727.104": {"meanQ": 28.72519083969466,