{"+SRR12464727.23601590": {"meanQ": 38.43333333333333, "medianQ": 38.0, "length": 150}, "+SRR12464727.23601591": {"meanQ": 38.3, "medianQ": 34.0, "length": 150}, "+SRR12464727.23601592": {"meanQ": 38.053333333333335, "medianQ": 34.0, "length": 150}, "+SRR12464727.23601593": {"meanQ": 36, "medianQ": 34.0, "length": 150}, "+SRR12464727.23601594": {"meanQ": 39.166666666666664, "medianQ": 34.0, "length": 150}, "+SRR12464727.23601595": {"meanQ": 38.013333333333335, "medianQ": 38.0, "length": 150}, "+SRR12464727.23601596": {"meanQ": 36.62, "medianQ": 36.0, "length": 150}, "+SRR12464727.23601597": {"meanQ": 38.99333333333333, "medianQ": 38.0, "length": 150}, "+SRR12464727.23601598": {"meanQ": 37.81333333333333, "medianQ": 38.0, "length": 150}, "+SRR12464727.23601599": {"meanQ": 38.693333333333335, "medianQ": 34.0, "length": 150}, "+SRR12464727.23601600": {"meanQ": 39.54666666666667, "medianQ": 38.0, "length": 150}, "+SRR12464727.23601601": {"meanQ": 37.60666666666667, "medianQ": 38.0, "length": 150}, "+SRR12464727.23601602": {"meanQ": 38.06666666666667, "medianQ": 38.0, "length": 150}, "+SRR12464727.23601603": {"meanQ": 36.08, "medianQ": 34.0, "length": 150}, "+SRR12464727.23601604": {"meanQ": 38.39333333333333, "medianQ": 34.0, "length": 150}, "+SRR12464727.23601605": {"meanQ": 37.96, "medianQ": 38.0, "length": 150}, "+SRR12464727.23601606": {"meanQ": 37.88, "medianQ": 38.0, "length": 150}, "+SRR12464727.23601607": {"meanQ": 37.46, "medianQ": 34.0, "length": 150}, "+SRR12464727.23601608": {"meanQ": 36.86666666666667, "medianQ": 38.0, "length": 150}, "+SRR12464727.23601609": {"meanQ": 39.99333333333333, "medianQ": 38.0, "length": 150}, "+SRR12464727.23601610": {"meanQ": 36.166666666666664, "medianQ": 34.0, "length": 150}, "+SRR12464727.23601611": {"meanQ": 36, "medianQ": 34.0, "length": 150}, "+SRR12464727.23601612": {"meanQ": 38.193333333333335, "medianQ": 38.0, "length": 150}, "+SRR12464727.23601613": {"meanQ": 38.766666666666666, "medianQ": 38.0, "length": 150}, "+SRR12464727.23601614": {"meanQ": 38.28, "medianQ": 38.0, "length": 150}, "+SRR12464727.23601615": {"meanQ": 36, "medianQ": 34.0, "length": 150}, "+SRR12464727.23601616": {"meanQ": 35.88666666666666, "medianQ": 34.0, "length": 150}, "+SRR12464727.23601617": {"meanQ": 38.446666666666665, "medianQ": 38.0, "length": 150}, "+SRR12464727.23601618": {"meanQ": 37.02, "medianQ": 34.0, "length": 150}, "+SRR12464727.23601619": {"meanQ": 36.13333333333333, "medianQ": 34.0, "length": 150}, "+SRR12464727.23601620": {"meanQ": 38.333333333333336, "medianQ": 34.0, "length": 150}, "+SRR12464727.23601621": {"meanQ": 36.76, "medianQ": 34.0, "length": 150}, "+SRR12464727.23601622": {"meanQ": 38.36, "medianQ": 38.0, "length": 150}, "+SRR12464727.23601623": {"meanQ": 36, "medianQ": 34.0, "length": 150}, "+SRR12464727.23601624": {"meanQ": 38.39333333333333, "medianQ": 38.0, "length": 150}, "+SRR12464727.23601625": {"meanQ": 41.46666666666667, "medianQ": 38.0, "length": 150}, "+SRR12464727.23601626": {"meanQ": 35.95333333333333, "medianQ": 34.0, "length": 150}, "+SRR12464727.23601627": {"meanQ": 38.18666666666667, "medianQ": 38.0, "length": 150}, "+SRR12464727.23601628": {"meanQ": 36.29333333333334, "medianQ": 34.0, "length": 150}, "+SRR12464727.23601629": {"meanQ": 36.026666666666664, "medianQ": 34.0, "length": 150}, "+SRR12464727.23601630": {"meanQ": 38.56, "medianQ": 38.0, "length": 150}, "+SRR12464727.23601631": {"meanQ": 38.99333333333333, "medianQ": 38.0, "length": 150}, "+SRR12464727.23601632": {"meanQ": 37.60666666666667, "medianQ": 38.0, "length": 150}, "+SRR12464727.23601633": {"meanQ": 39.21333333333333, "medianQ": 34.0, "length": 150}, "+SRR12464727.23601634": {"meanQ": 38.553333333333335, "medianQ": 34.0, "length": 150}, "+SRR12464727.23601635": {"meanQ": 37.406666666666666, "medianQ": 34.0, "length": 150}, "+SRR12464727.23601636": {"meanQ": 38, "medianQ": 38.0, "length": 150}, "+SRR12464727.23601637": {"meanQ": 35.93333333333333, "medianQ": 34.0, "length": 150}, "+SRR12464727.23601638": {"meanQ": 38.64666666666667, "medianQ": 38.0, "length": 150}, "+SRR12464727.23601639": {"meanQ": 39.3, "medianQ": 38.0, "length": 150}, "+SRR12464727.23601640": {"meanQ": 39.35333333333333, "medianQ": 38.0, "length": 150}, "+SRR12464727.23601641": {"meanQ": 37.92666666666667, "medianQ": 38.0, "length": 150}, "+SRR12464727.23601642": {"meanQ": 40.9, "medianQ": 38.0, "length": 150}, "+SRR12464727.23601643": {"meanQ": 38.64666666666667, "medianQ": 38.0, "length": 150}, "+SRR12464727.23601644": {"meanQ": 35.92666666666667, "medianQ": 34.0, "length": 150}, "+SRR12464727.23601645": {"meanQ": 39.54, "medianQ": 38.0, "length": 150}, "+SRR12464727.23601646": {"meanQ": 38.14, "medianQ": 34.0, "length": 150}, "+SRR12464727.23601647": {"meanQ": 37.9, "medianQ": 38.0, "length": 150}, "+SRR12464727.23601648": {"meanQ": 35.986666666666665, "medianQ": 34.0, "length": 150}, "+SRR12464727.23601649": {"meanQ": 38.50666666666667, "medianQ": 38.0, "length": 150}, "+SRR12464727.23601650": {"meanQ": 36.79333333333334, "medianQ": 38.0, "length": 150}, "+SRR12464727.23601651": {"meanQ": 38.64666666666667, "medianQ": 38.0, "length": 150}, "+SRR12464727.23601652": {"meanQ": 38.086666666666666, "medianQ": 34.0, "length": 150}, "+SRR12464727.23601653": {"meanQ": 38.266666666666666, "medianQ": 38.0, "length": 150}, "+SRR12464727.23601654": {"meanQ": 36.77333333333333, "medianQ": 34.0, "length": 150}, "+SRR12464727.23601655": {"meanQ": 35.96666666666667, "medianQ": 34.0, "length": 150}, "+SRR12464727.23601656": {"meanQ": 38.00666666666667, "medianQ": 38.0, "length": 150}, "+SRR12464727.23601657": {"meanQ": 35.67333333333333, "medianQ": 34.0, "length": 150}, "+SRR12464727.23601658": {"meanQ": 40.27333333333333, "medianQ": 38.0, "length": 150}, "+SRR12464727.23601659": {"meanQ": 38.11333333333334, "medianQ": 34.0, "length": 150}, "+SRR12464727.23601660": {"meanQ": 38.406666666666666, "medianQ": 34.0, "length": 150}, "+SRR12464727.23601661": {"meanQ": 38.053333333333335, "medianQ": 38.0, "length": 150}, "+SRR12464727.23601662": {"meanQ": 36.13333333333333, "medianQ": 34.0, "length": 150}, "+SRR12464727.23601663": {"meanQ": 38.54666666666667, "medianQ": 36.0, "length": 150}, "+SRR12464727.23601664": {"meanQ": 39.72666666666667, "medianQ": 34.0, "length": 150}, "+SRR12464727.23601665": {"meanQ": 37.29333333333334, "medianQ": 34.0, "length": 150}, "+SRR12464727.23601666": {"meanQ": 38.03333333333333, "medianQ": 38.0, "length": 150}, "+SRR12464727.23601667": {"meanQ": 37.96666666666667, "medianQ": 38.0, "length": 150}, "+SRR12464727.23601668": {"meanQ": 38.60666666666667, "medianQ": 38.0, "length": 150}, "+SRR12464727.23601669": {"meanQ": 38.5, "medianQ": 38.0, "length": 150}, "+SRR12464727.23601670": {"meanQ": 36.22, "medianQ": 34.0, "length": 150}, "+SRR12464727.23601671": {"meanQ": 36.03333333333333, "medianQ": 34.0, "length": 150}, "+SRR12464727.23601672": {"meanQ": 38.913333333333334, "medianQ": 34.0, "length": 150}, "+SRR12464727.23601673": {"meanQ": 37.92666666666667, "medianQ": 38.0, "length": 150}, "+SRR12464727.23601674": {"meanQ": 38.64666666666667, "medianQ": 38.0, "length": 150}, "+SRR12464727.23601675": {"meanQ": 36.086666666666666, "medianQ": 38.0, "length": 150}, "+SRR12464727.23601676": {"meanQ": 36.13333333333333, "medianQ": 34.0, "length": 150}, "+SRR12464727.23601677": {"meanQ": 38.5, "medianQ": 38.0, "length": 150}, "+SRR12464727.23601678": {"meanQ": 37.60666666666667, "medianQ": 38.0, "length": 150}, "+SRR12464727.23601679": {"meanQ": 36.053333333333335, "medianQ": 34.0, "length": 150}, "+SRR12464727.23601680": {"meanQ": 38.1, "medianQ": 34.0, "length": 150}, "+SRR12464727.23601681": {"meanQ": 39.56, "medianQ": 38.0, "length": 150}, "+SRR12464727.23601682": {"meanQ": 37.94, "medianQ": 38.0, "length": 150}, "+SRR12464727.23601683": {"meanQ": 37.233333333333334, "medianQ": 38.0, "length": 150}, "+SRR12464727.23601684": {"meanQ": 38.026666666666664, "medianQ": 38.0, "length": 150}, "+SRR12464727.23601685": {"meanQ": 36.126666666666665,